#;Attribute name;Type;Brief Description;
Corruption Domain (C);;;;
1;C.CorruptionTG;Boolean;Cases of dismission by corruption, this attribute could be a target for machine learning;
2;C.CEIS;Boolean;Cases of individuals or legal entities with restrictions on the right to participate in tenders or to contract with the Public Administration by sanctions;
3;C.TCDFrestriction;Boolean;Cases of person who are not qualified to exercise a position in a commission or a trust function within the Public Administration of the Federal District for a period of up to eight years due to serious irregularities found by the TCDF;
4;C.CEPIM;Boolean;Cases of private non-profit entities that are prevented from entering into new agreements, on lending contracts or partnership terms with the Federal Public Administration, depending on irregularities not resolved in agreements, on lending contracts or partnership terms previously signed;
Employment Domain (E);;;;
5;E.Salary;Numeric;Salary (Brazilian currency - Real) of the civil servant or military that included the salary received by any of the bases (SIGRH and SIAPE) or the sum of salaries in the case of civil servants who accumulate public positions as permitted by the Federal Constitution;
6;E.SalaryMinusTax;Numeric;"Salary with several discounts and obtained in a similar way to the ""Salary"" (SIGRH and SIAPE bases)";
7;E.QtySIGRHOff;Int;Quantity of positions that the civil servant or military held until Nov/2020 into the SIGRH determined only with the SIGRH base.;
8;E.QtySIAPEOff;Int;Quantity of positions the civil servant or military held in Public Security until Nov/2020 at SIAPE (Public Security, SIAPE);
9;E.QtySIGSIPOff;Int;Quantity of positions that the civil servant or military held until Nov/2020 in these two databases (SIGRH and SIAPE).;
10;E.QtySIGRHfunc;Int;Quantity of functions that the civil servant occupied until Nov/2020 in the SIGRH (Servers, except Public Security, SIGRH);
11;E.QtySIAPEfunc;Int;Quantity of functions that the civil servant or military occupied until Nov/2020 in SIAPE (SIAPE Public Security);
12;E.QtySIGSIPfunc;Int;Quantity of functions that the civil servant or military occupied until Nov/2020 in these two databases (SIGRH and SIAPE);
Political Domain (P);;;;
13;P.ElectivePosition;Categorical ;Type of electoral position that the civil servant disputed (president or vice, governor or vice, mayor, senator, councilor, federal deputy, state deputy, or district deputy);
14;P.CodParty;Categorical ;Code of the party in which the server was registered for the election;
15;P.CandElectiveSt;Categorical ;"candidate's registration status, which can assume the values 'Apt' (candidate able to go to the ballot box); 'Unfit' (candidate unfit to go to the ballot box); 'Registered' (registration of candidacy carried out, but not yet judged by the electoral body)";
16;P.CandEducation;Categorical ;Candidate's level of education can be defined as: non-disclosable, reads and writes, incomplete or complete elementary school, incomplete, or complete high school, and incomplete or complete higher education;
17;P.CandMaritalSt;Categorical ;The civil status situation of the candidate civil servant: single, married, non-disclosable, widowed, legally separated or divorced;
18;P.CodRoundSt;Categorical ;This attribute identifies the candidate's totalization situation in the turn that can be (elected, elected by average, elected by the electoral quotient, unelected, alternate, or null);
Business Domain (B);;;;
19;B.OwnershipPerc;Numeric;Percentage of share capital that the civil servant or military presents at Nov/2020 ;
20;B.TypeOfOwner;Categorical ;Type of partner of a civil servant or military is registered within the company to which it belongs;
21;B.QtFirmAct;Int;Number of secondary activities registered by the company in which the civil servant or military is a partner;
22;B.CodFirmAct;Categorical ;The main activity of the firm/company in which the civil servant or military is a partner;
23;B.CodFirmLegal;Categorical ;Definition of legal nature of the company in which the civil servant or military is a partner, which may be in different denominations, such as: Mixed Economy Society, Public Limited or Closed Corporation, Limited Business Society, limited partnership, or by shares, among others;
24;B.CodFirmSt;Categorical ;Status of the company in which the civil servant or military is a partner, among the possible alternatives there are active, null, suspended, unsuitable, or closed;
25;B.CodFirmSize;Categorical ;Size of the company that can be Microenterprise (ME), Small Business (EPP), medium or large depending on the gross annual turnover of the head office and its branches, or that is, the global gross revenue defined in the tax legislation;
26;B.DaysOwnership;Numeric;This attribute informs the number of days that the server is a partner in the company until Nov/2020;
27;B.CodFirmTaxOpt;Categorical ;This attribute informs if the company opted for the simplified taxation system - Simples Nacional - which aims to help micro and small companies concerning the payment of taxes;
