id	name	include_subtopics
13736549		Industrial engineering	1
21547014		Operations management	1
21880701		Process engineering	1
22212356		Transport engineering	1
42475967		Operations research	1
44154836		Simulation	1
56739046		Knowledge Management	1
65244806		Control theory	1
76155785		Telecommunications	1
78519656		Mechanical engineering	1
113775141		Computer engineering	1
115903868		Software engineering	1
117671659		Manufacturing engineering	1
119857082		Machine learning	1
124101348		Data mining	1
126255220		Mathematical optimization	1
133731056		Control engineering	1
148383697		Regional science	1
149635348		Embedded Systems	1
154945302		Artificial intelligence	1
195094911		Process management	1
200601418		Reliability engineering	1
201995342		Systems engineering	1
539667460		Management science	1
2522767166		Data science	1